{"DinoNet1": {"lr_0.001_bs_32": {"loss": [0.6098704001352268, 0.4258466058313165, 0.37221566044474214, 0.34835338407392646, 0.31723839992978536, 0.30275797815861843, 0.2819663281196381, 0.28143422035230975, 0.27030445503985356, 0.2622512023353769], "accuracy": [0.6790760260148015, 0.8360618972863871, 0.8562457950213053, 0.8600583090379009, 0.8714958510876878, 0.8766539582866113, 0.8836061897286387, 0.8795694101816551, 0.8871944382148463, 0.8903341556402781]}, "lr_0.0001_bs_32": {"loss": [0.6685935078407248, 0.6435003968786568, 0.5945156780987423, 0.5418154543746504, 0.466703035005889, 0.4327743658238287, 0.40882180547281133, 0.39662975421746394, 0.37848229239435577, 0.36751589103513943], "accuracy": [0.6095537115945279, 0.6268221574344023, 0.6810944157882933, 0.7761830006727966, 0.8107198923525454, 0.8329221798609554, 0.8459295806234581, 0.8472751738057861, 0.8526575465350975, 0.8611796366898408]}, "lr_1e-05_bs_32": {"loss": [0.6749410317815133, 0.669601056655444, 0.6640666808534508, 0.6599147315649848, 0.6578332519525903, 0.6549959174050534, 0.6489921084806293, 0.6374882432371277, 0.621855692736208, 0.6040349449376724], "accuracy": [0.6265978919040144, 0.6265978919040144, 0.6265978919040144, 0.6265978919040144, 0.6265978919040144, 0.6265978919040144, 0.6265978919040144, 0.6265978919040144, 0.6272706884951783, 0.6449876653958286]}}, "DinoNet2": {"lr_0.001_bs_32": {"loss": [0.6338651400960916, 0.4951160177170736, 0.37107145679347264, 0.33058933720884903, 0.3143417851409989, 0.30055032063289777, 0.28664403194722426, 0.2750251010431252, 0.26448845229065454, 0.2584922107433251], "accuracy": [0.6474545862300964, 0.7750616730208567, 0.8544516707782014, 0.869253195783808, 0.8719443821484638, 0.879793675712043, 0.879793675712043, 0.8867459071540704, 0.8939224041264857, 0.8952679973088137]}, "lr_0.0001_bs_32": {"loss": [0.6584062011861085, 0.5909162789857235, 0.5215477448029485, 0.44030154966457885, 0.3983647149222452, 0.38145122802238823, 0.3742407473327601, 0.3618811362860154, 0.3543022593579824, 0.343857261975281], "accuracy": [0.6243552366001346, 0.6797488226059655, 0.7757344696120206, 0.8212603722807804, 0.8481722359273379, 0.8513119533527697, 0.8542274052478134, 0.8605068400986768, 0.8656649472976004, 0.8645436196456605]}, "lr_1e-05_bs_32": {"loss": [0.6738901954109986, 0.6627839393186901, 0.6597151962008865, 0.657776122324187, 0.654761820035709, 0.6498436301806284, 0.6393334113661284, 0.6232258118998178, 0.6059817780318029, 0.5944824371604701], "accuracy": [0.6265978919040144, 0.6265978919040144, 0.6265978919040144, 0.6265978919040144, 0.6265978919040144, 0.6265978919040144, 0.6265978919040144, 0.6344471854675936, 0.641399416909621, 0.6593406593406593]}}, "DinoNet3": {"lr_0.001_bs_32": {"loss": [0.6304794873563557, 0.5418382531379098, 0.4294082161910493, 0.3687901976972611, 0.3541947418623747, 0.3316285108792779, 0.32552427986653887, 0.30595431124938127, 0.30252916043209477, 0.29270982739636114], "accuracy": [0.6265978919040144, 0.7438887642969275, 0.8400986768333707, 0.8575913882036331, 0.8625252298721686, 0.8688046647230321, 0.8681318681318682, 0.8777752859385513, 0.8779995514689393, 0.8815877999551469]}, "lr_0.0001_bs_32": {"loss": [0.663744830890043, 0.6381117105082991, 0.6097986583192136, 0.5886055327338685, 0.572983366567796, 0.5584575994101895, 0.5316819983310405, 0.5011030347405007, 0.47144400120369656, 0.4466621318481567], "accuracy": [0.6162816775061672, 0.6277192195559542, 0.6295133437990581, 0.6810944157882933, 0.7297600358824848, 0.7553263063467145, 0.7923301188607311, 0.8048889885624579, 0.8203633101592285, 0.82574568288854]}, "lr_1e-05_bs_32": {"loss": [0.6770761966384508, 0.6676759533508927, 0.6615980388899506, 0.656003328149269, 0.6495379050982643, 0.64343506159283, 0.637368881908279, 0.6307754362209625, 0.6246428763981383, 0.6193024576124682], "accuracy": [0.6265978919040144, 0.6265978919040144, 0.6265978919040144, 0.6265978919040144, 0.6265978919040144, 0.6265978919040144, 0.6265978919040144, 0.6265978919040144, 0.6272706884951783, 0.6274949540255663]}}}